{
    "statistics": {
        "start_time": "06 January 2023 11:58:02",
        "end_time": "06 January 2023 11:58:05",
        "file_count": 1,
        "file_dangerous": 14,
        "file_warning": 0,
        "file_notice": 0,
        "file_safe": 0,
        "malicious_files": [
            "P5 pcap 2.pcap",
            "P5_pcap_2.pcap_object1",
            "P5_pcap_2.pcap_object10",
            "P5_pcap_2.pcap_object11",
            "P5_pcap_2.pcap_object12",
            "P5_pcap_2.pcap_object13",
            "P5_pcap_2.pcap_object2",
            "P5_pcap_2.pcap_object3",
            "P5_pcap_2.pcap_object4",
            "P5_pcap_2.pcap_object5",
            "P5_pcap_2.pcap_object6",
            "P5_pcap_2.pcap_object7",
            "P5_pcap_2.pcap_object8",
            "P5_pcap_2.pcap_object9"
        ]
    },
    "files": {
        "P5 pcap 2.pcap": {
            "secured_file_name": "P5_pcap_2.pcap",
            "verdict": "DANGEROUS",
            "total_score": 2665,
            "file_type": "WINPCAP",
            "file_size": 5124.38,
            "md5": "388b258ff77c1247d00da63424eca9ab",
            "sha1": "6c1c31603602858632aacb93d0543243a88c7ba0",
            "sha256": "932f5e2413fce5d70a04ffe4c3f66cc68b221fe036ec199c698ac5861b0f9c0f",
            "reasons": [
                "P5_pcap_2.pcap_object1 has a score of 205",
                "P5_pcap_2.pcap_object10 has a score of 205",
                "P5_pcap_2.pcap_object11 has a score of 205",
                "P5_pcap_2.pcap_object12 has a score of 205",
                "P5_pcap_2.pcap_object13 has a score of 205",
                "P5_pcap_2.pcap_object2 has a score of 205",
                "P5_pcap_2.pcap_object3 has a score of 205",
                "P5_pcap_2.pcap_object4 has a score of 205",
                "P5_pcap_2.pcap_object5 has a score of 205",
                "P5_pcap_2.pcap_object6 has a score of 205",
                "P5_pcap_2.pcap_object7 has a score of 205",
                "P5_pcap_2.pcap_object8 has a score of 205",
                "P5_pcap_2.pcap_object9 has a score of 205"
            ],
            "contains": [
                "P5_pcap_2.pcap_object1",
                "P5_pcap_2.pcap_object10",
                "P5_pcap_2.pcap_object11",
                "P5_pcap_2.pcap_object12",
                "P5_pcap_2.pcap_object13",
                "P5_pcap_2.pcap_object2",
                "P5_pcap_2.pcap_object3",
                "P5_pcap_2.pcap_object4",
                "P5_pcap_2.pcap_object5",
                "P5_pcap_2.pcap_object6",
                "P5_pcap_2.pcap_object7",
                "P5_pcap_2.pcap_object8",
                "P5_pcap_2.pcap_object9"
            ]
        },
        "P5_pcap_2.pcap_object1": {
            "secured_file_name": "P5_pcap_2.pcap_object1",
            "verdict": "DANGEROUS",
            "total_score": 205,
            "file_type": "ELF",
            "file_size": 73.44,
            "md5": "d2273df4dcff8cca812104cf17a23bca",
            "sha1": "8924926be722b5c50a16ed3c8a121dd81d229539",
            "sha256": "0a6c6d1b3e8db37a621aad7fba82501c79cd473b146144af7e54a4bfcccc0ff6",
            "reasons": [
                "Yara Rule MATCH: Mirai_Botnet_Malware SUBSCORE: 70 DESCRIPTION: Detects Mirai Botnet Malware REF: Internal Research AUTHOR: Florian Roth MATCHES: Str1: POST /cdn-cgi/ Str2: /dev/misc/watchdog Str3: /dev/watchdog Str4: LCOGQGPTGP Str5: CFOKLKQVPCVMP Str6: QWRGPTKQMP Str7: HWCLVGAJ Str8 ... (truncated)",
                "Yara Rule MATCH: MAL_ELF_LNX_Mirai_Oct10_2 SUBSCORE: 70 DESCRIPTION: Detects ELF malware Mirai related REF: Internal Research AUTHOR: Florian Roth MATCHES: Str1: POST /cdn-cgi/ HTTP/1.1\r\nUser-Agent: \r\nHost:",
                "Yara Rule MATCH: SUSP_XORed_Mozilla SUBSCORE: 65 DESCRIPTION: Detects suspicious single byte XORed keyword 'Mozilla/5.0' - it uses yara's XOR modifier and therefore cannot print the XOR key. You can use the CyberChef recipe linked in the reference field to brute force the used key. REF: https://gchq.github.io/CyberChef/#recipe=XOR_Brute_Force() AUTHOR: Florian Roth MATCHES: Str1: oMXKNNC\r\f"
            ]
        },
        "P5_pcap_2.pcap_object10": {
            "secured_file_name": "P5_pcap_2.pcap_object10",
            "verdict": "DANGEROUS",
            "total_score": 205,
            "file_type": "ELF",
            "file_size": 73.44,
            "md5": "d2273df4dcff8cca812104cf17a23bca",
            "sha1": "8924926be722b5c50a16ed3c8a121dd81d229539",
            "sha256": "0a6c6d1b3e8db37a621aad7fba82501c79cd473b146144af7e54a4bfcccc0ff6",
            "reasons": [
                "Yara Rule MATCH: Mirai_Botnet_Malware SUBSCORE: 70 DESCRIPTION: Detects Mirai Botnet Malware REF: Internal Research AUTHOR: Florian Roth MATCHES: Str1: POST /cdn-cgi/ Str2: /dev/misc/watchdog Str3: /dev/watchdog Str4: LCOGQGPTGP Str5: CFOKLKQVPCVMP Str6: QWRGPTKQMP Str7: HWCLVGAJ Str8 ... (truncated)",
                "Yara Rule MATCH: MAL_ELF_LNX_Mirai_Oct10_2 SUBSCORE: 70 DESCRIPTION: Detects ELF malware Mirai related REF: Internal Research AUTHOR: Florian Roth MATCHES: Str1: POST /cdn-cgi/ HTTP/1.1\r\nUser-Agent: \r\nHost:",
                "Yara Rule MATCH: SUSP_XORed_Mozilla SUBSCORE: 65 DESCRIPTION: Detects suspicious single byte XORed keyword 'Mozilla/5.0' - it uses yara's XOR modifier and therefore cannot print the XOR key. You can use the CyberChef recipe linked in the reference field to brute force the used key. REF: https://gchq.github.io/CyberChef/#recipe=XOR_Brute_Force() AUTHOR: Florian Roth MATCHES: Str1: oMXKNNC\r\f"
            ]
        },
        "P5_pcap_2.pcap_object11": {
            "secured_file_name": "P5_pcap_2.pcap_object11",
            "verdict": "DANGEROUS",
            "total_score": 205,
            "file_type": "ELF",
            "file_size": 73.44,
            "md5": "d2273df4dcff8cca812104cf17a23bca",
            "sha1": "8924926be722b5c50a16ed3c8a121dd81d229539",
            "sha256": "0a6c6d1b3e8db37a621aad7fba82501c79cd473b146144af7e54a4bfcccc0ff6",
            "reasons": [
                "Yara Rule MATCH: Mirai_Botnet_Malware SUBSCORE: 70 DESCRIPTION: Detects Mirai Botnet Malware REF: Internal Research AUTHOR: Florian Roth MATCHES: Str1: POST /cdn-cgi/ Str2: /dev/misc/watchdog Str3: /dev/watchdog Str4: LCOGQGPTGP Str5: CFOKLKQVPCVMP Str6: QWRGPTKQMP Str7: HWCLVGAJ Str8 ... (truncated)",
                "Yara Rule MATCH: MAL_ELF_LNX_Mirai_Oct10_2 SUBSCORE: 70 DESCRIPTION: Detects ELF malware Mirai related REF: Internal Research AUTHOR: Florian Roth MATCHES: Str1: POST /cdn-cgi/ HTTP/1.1\r\nUser-Agent: \r\nHost:",
                "Yara Rule MATCH: SUSP_XORed_Mozilla SUBSCORE: 65 DESCRIPTION: Detects suspicious single byte XORed keyword 'Mozilla/5.0' - it uses yara's XOR modifier and therefore cannot print the XOR key. You can use the CyberChef recipe linked in the reference field to brute force the used key. REF: https://gchq.github.io/CyberChef/#recipe=XOR_Brute_Force() AUTHOR: Florian Roth MATCHES: Str1: oMXKNNC\r\f"
            ]
        },
        "P5_pcap_2.pcap_object12": {
            "secured_file_name": "P5_pcap_2.pcap_object12",
            "verdict": "DANGEROUS",
            "total_score": 205,
            "file_type": "ELF",
            "file_size": 73.44,
            "md5": "d2273df4dcff8cca812104cf17a23bca",
            "sha1": "8924926be722b5c50a16ed3c8a121dd81d229539",
            "sha256": "0a6c6d1b3e8db37a621aad7fba82501c79cd473b146144af7e54a4bfcccc0ff6",
            "reasons": [
                "Yara Rule MATCH: Mirai_Botnet_Malware SUBSCORE: 70 DESCRIPTION: Detects Mirai Botnet Malware REF: Internal Research AUTHOR: Florian Roth MATCHES: Str1: POST /cdn-cgi/ Str2: /dev/misc/watchdog Str3: /dev/watchdog Str4: LCOGQGPTGP Str5: CFOKLKQVPCVMP Str6: QWRGPTKQMP Str7: HWCLVGAJ Str8 ... (truncated)",
                "Yara Rule MATCH: MAL_ELF_LNX_Mirai_Oct10_2 SUBSCORE: 70 DESCRIPTION: Detects ELF malware Mirai related REF: Internal Research AUTHOR: Florian Roth MATCHES: Str1: POST /cdn-cgi/ HTTP/1.1\r\nUser-Agent: \r\nHost:",
                "Yara Rule MATCH: SUSP_XORed_Mozilla SUBSCORE: 65 DESCRIPTION: Detects suspicious single byte XORed keyword 'Mozilla/5.0' - it uses yara's XOR modifier and therefore cannot print the XOR key. You can use the CyberChef recipe linked in the reference field to brute force the used key. REF: https://gchq.github.io/CyberChef/#recipe=XOR_Brute_Force() AUTHOR: Florian Roth MATCHES: Str1: oMXKNNC\r\f"
            ]
        },
        "P5_pcap_2.pcap_object13": {
            "secured_file_name": "P5_pcap_2.pcap_object13",
            "verdict": "DANGEROUS",
            "total_score": 205,
            "file_type": "ELF",
            "file_size": 73.44,
            "md5": "d2273df4dcff8cca812104cf17a23bca",
            "sha1": "8924926be722b5c50a16ed3c8a121dd81d229539",
            "sha256": "0a6c6d1b3e8db37a621aad7fba82501c79cd473b146144af7e54a4bfcccc0ff6",
            "reasons": [
                "Yara Rule MATCH: Mirai_Botnet_Malware SUBSCORE: 70 DESCRIPTION: Detects Mirai Botnet Malware REF: Internal Research AUTHOR: Florian Roth MATCHES: Str1: POST /cdn-cgi/ Str2: /dev/misc/watchdog Str3: /dev/watchdog Str4: LCOGQGPTGP Str5: CFOKLKQVPCVMP Str6: QWRGPTKQMP Str7: HWCLVGAJ Str8 ... (truncated)",
                "Yara Rule MATCH: MAL_ELF_LNX_Mirai_Oct10_2 SUBSCORE: 70 DESCRIPTION: Detects ELF malware Mirai related REF: Internal Research AUTHOR: Florian Roth MATCHES: Str1: POST /cdn-cgi/ HTTP/1.1\r\nUser-Agent: \r\nHost:",
                "Yara Rule MATCH: SUSP_XORed_Mozilla SUBSCORE: 65 DESCRIPTION: Detects suspicious single byte XORed keyword 'Mozilla/5.0' - it uses yara's XOR modifier and therefore cannot print the XOR key. You can use the CyberChef recipe linked in the reference field to brute force the used key. REF: https://gchq.github.io/CyberChef/#recipe=XOR_Brute_Force() AUTHOR: Florian Roth MATCHES: Str1: oMXKNNC\r\f"
            ]
        },
        "P5_pcap_2.pcap_object2": {
            "secured_file_name": "P5_pcap_2.pcap_object2",
            "verdict": "DANGEROUS",
            "total_score": 205,
            "file_type": "ELF",
            "file_size": 73.44,
            "md5": "d2273df4dcff8cca812104cf17a23bca",
            "sha1": "8924926be722b5c50a16ed3c8a121dd81d229539",
            "sha256": "0a6c6d1b3e8db37a621aad7fba82501c79cd473b146144af7e54a4bfcccc0ff6",
            "reasons": [
                "Yara Rule MATCH: Mirai_Botnet_Malware SUBSCORE: 70 DESCRIPTION: Detects Mirai Botnet Malware REF: Internal Research AUTHOR: Florian Roth MATCHES: Str1: POST /cdn-cgi/ Str2: /dev/misc/watchdog Str3: /dev/watchdog Str4: LCOGQGPTGP Str5: CFOKLKQVPCVMP Str6: QWRGPTKQMP Str7: HWCLVGAJ Str8 ... (truncated)",
                "Yara Rule MATCH: MAL_ELF_LNX_Mirai_Oct10_2 SUBSCORE: 70 DESCRIPTION: Detects ELF malware Mirai related REF: Internal Research AUTHOR: Florian Roth MATCHES: Str1: POST /cdn-cgi/ HTTP/1.1\r\nUser-Agent: \r\nHost:",
                "Yara Rule MATCH: SUSP_XORed_Mozilla SUBSCORE: 65 DESCRIPTION: Detects suspicious single byte XORed keyword 'Mozilla/5.0' - it uses yara's XOR modifier and therefore cannot print the XOR key. You can use the CyberChef recipe linked in the reference field to brute force the used key. REF: https://gchq.github.io/CyberChef/#recipe=XOR_Brute_Force() AUTHOR: Florian Roth MATCHES: Str1: oMXKNNC\r\f"
            ]
        },
        "P5_pcap_2.pcap_object3": {
            "secured_file_name": "P5_pcap_2.pcap_object3",
            "verdict": "DANGEROUS",
            "total_score": 205,
            "file_type": "ELF",
            "file_size": 74.85,
            "md5": "a903811bae50719c9fde9fb0c0e48ed5",
            "sha1": "1005df833938f53d6a0d2fc910ecd0f5ca689708",
            "sha256": "32668779804f70b43923792e020930d7014017df4e63660e797f83f4f61baedc",
            "reasons": [
                "Yara Rule MATCH: Mirai_Botnet_Malware SUBSCORE: 70 DESCRIPTION: Detects Mirai Botnet Malware REF: Internal Research AUTHOR: Florian Roth MATCHES: Str1: POST /cdn-cgi/ Str2: /dev/misc/watchdog Str3: /dev/watchdog Str4: LCOGQGPTGP Str5: CFOKLKQVPCVMP Str6: QWRGPTKQMP Str7: HWCLVGAJ Str8 ... (truncated)",
                "Yara Rule MATCH: MAL_ELF_LNX_Mirai_Oct10_2 SUBSCORE: 70 DESCRIPTION: Detects ELF malware Mirai related REF: Internal Research AUTHOR: Florian Roth MATCHES: Str1: POST /cdn-cgi/ HTTP/1.1\r\nUser-Agent: \r\nHost:",
                "Yara Rule MATCH: SUSP_XORed_Mozilla SUBSCORE: 65 DESCRIPTION: Detects suspicious single byte XORed keyword 'Mozilla/5.0' - it uses yara's XOR modifier and therefore cannot print the XOR key. You can use the CyberChef recipe linked in the reference field to brute force the used key. REF: https://gchq.github.io/CyberChef/#recipe=XOR_Brute_Force() AUTHOR: Florian Roth MATCHES: Str1: oMXKNNC\r\f"
            ]
        },
        "P5_pcap_2.pcap_object4": {
            "secured_file_name": "P5_pcap_2.pcap_object4",
            "verdict": "DANGEROUS",
            "total_score": 205,
            "file_type": "ELF",
            "file_size": 73.44,
            "md5": "d2273df4dcff8cca812104cf17a23bca",
            "sha1": "8924926be722b5c50a16ed3c8a121dd81d229539",
            "sha256": "0a6c6d1b3e8db37a621aad7fba82501c79cd473b146144af7e54a4bfcccc0ff6",
            "reasons": [
                "Yara Rule MATCH: Mirai_Botnet_Malware SUBSCORE: 70 DESCRIPTION: Detects Mirai Botnet Malware REF: Internal Research AUTHOR: Florian Roth MATCHES: Str1: POST /cdn-cgi/ Str2: /dev/misc/watchdog Str3: /dev/watchdog Str4: LCOGQGPTGP Str5: CFOKLKQVPCVMP Str6: QWRGPTKQMP Str7: HWCLVGAJ Str8 ... (truncated)",
                "Yara Rule MATCH: MAL_ELF_LNX_Mirai_Oct10_2 SUBSCORE: 70 DESCRIPTION: Detects ELF malware Mirai related REF: Internal Research AUTHOR: Florian Roth MATCHES: Str1: POST /cdn-cgi/ HTTP/1.1\r\nUser-Agent: \r\nHost:",
                "Yara Rule MATCH: SUSP_XORed_Mozilla SUBSCORE: 65 DESCRIPTION: Detects suspicious single byte XORed keyword 'Mozilla/5.0' - it uses yara's XOR modifier and therefore cannot print the XOR key. You can use the CyberChef recipe linked in the reference field to brute force the used key. REF: https://gchq.github.io/CyberChef/#recipe=XOR_Brute_Force() AUTHOR: Florian Roth MATCHES: Str1: oMXKNNC\r\f"
            ]
        },
        "P5_pcap_2.pcap_object5": {
            "secured_file_name": "P5_pcap_2.pcap_object5",
            "verdict": "DANGEROUS",
            "total_score": 205,
            "file_type": "ELF",
            "file_size": 74.85,
            "md5": "9fce6daf8cb80ad01ed3cf89ae0d0d97",
            "sha1": "307eb876e8839e3001ae26e841b5275b7ce59779",
            "sha256": "9fa275cf373ea2aa5a0a672d597c0b17e1c47c5662d5624ab603725cce4ef362",
            "reasons": [
                "Yara Rule MATCH: Mirai_Botnet_Malware SUBSCORE: 70 DESCRIPTION: Detects Mirai Botnet Malware REF: Internal Research AUTHOR: Florian Roth MATCHES: Str1: POST /cdn-cgi/ Str2: /dev/misc/watchdog Str3: /dev/watchdog Str4: LCOGQGPTGP Str5: CFOKLKQVPCVMP Str6: QWRGPTKQMP Str7: HWCLVGAJ Str8 ... (truncated)",
                "Yara Rule MATCH: MAL_ELF_LNX_Mirai_Oct10_2 SUBSCORE: 70 DESCRIPTION: Detects ELF malware Mirai related REF: Internal Research AUTHOR: Florian Roth MATCHES: Str1: POST /cdn-cgi/ HTTP/1.1\r\nUser-Agent: \r\nHost:",
                "Yara Rule MATCH: SUSP_XORed_Mozilla SUBSCORE: 65 DESCRIPTION: Detects suspicious single byte XORed keyword 'Mozilla/5.0' - it uses yara's XOR modifier and therefore cannot print the XOR key. You can use the CyberChef recipe linked in the reference field to brute force the used key. REF: https://gchq.github.io/CyberChef/#recipe=XOR_Brute_Force() AUTHOR: Florian Roth MATCHES: Str1: oMXKNNC\r\f"
            ]
        },
        "P5_pcap_2.pcap_object6": {
            "secured_file_name": "P5_pcap_2.pcap_object6",
            "verdict": "DANGEROUS",
            "total_score": 205,
            "file_type": "ELF",
            "file_size": 73.44,
            "md5": "d2273df4dcff8cca812104cf17a23bca",
            "sha1": "8924926be722b5c50a16ed3c8a121dd81d229539",
            "sha256": "0a6c6d1b3e8db37a621aad7fba82501c79cd473b146144af7e54a4bfcccc0ff6",
            "reasons": [
                "Yara Rule MATCH: Mirai_Botnet_Malware SUBSCORE: 70 DESCRIPTION: Detects Mirai Botnet Malware REF: Internal Research AUTHOR: Florian Roth MATCHES: Str1: POST /cdn-cgi/ Str2: /dev/misc/watchdog Str3: /dev/watchdog Str4: LCOGQGPTGP Str5: CFOKLKQVPCVMP Str6: QWRGPTKQMP Str7: HWCLVGAJ Str8 ... (truncated)",
                "Yara Rule MATCH: MAL_ELF_LNX_Mirai_Oct10_2 SUBSCORE: 70 DESCRIPTION: Detects ELF malware Mirai related REF: Internal Research AUTHOR: Florian Roth MATCHES: Str1: POST /cdn-cgi/ HTTP/1.1\r\nUser-Agent: \r\nHost:",
                "Yara Rule MATCH: SUSP_XORed_Mozilla SUBSCORE: 65 DESCRIPTION: Detects suspicious single byte XORed keyword 'Mozilla/5.0' - it uses yara's XOR modifier and therefore cannot print the XOR key. You can use the CyberChef recipe linked in the reference field to brute force the used key. REF: https://gchq.github.io/CyberChef/#recipe=XOR_Brute_Force() AUTHOR: Florian Roth MATCHES: Str1: oMXKNNC\r\f"
            ]
        },
        "P5_pcap_2.pcap_object7": {
            "secured_file_name": "P5_pcap_2.pcap_object7",
            "verdict": "DANGEROUS",
            "total_score": 205,
            "file_type": "ELF",
            "file_size": 73.44,
            "md5": "d2273df4dcff8cca812104cf17a23bca",
            "sha1": "8924926be722b5c50a16ed3c8a121dd81d229539",
            "sha256": "0a6c6d1b3e8db37a621aad7fba82501c79cd473b146144af7e54a4bfcccc0ff6",
            "reasons": [
                "Yara Rule MATCH: Mirai_Botnet_Malware SUBSCORE: 70 DESCRIPTION: Detects Mirai Botnet Malware REF: Internal Research AUTHOR: Florian Roth MATCHES: Str1: POST /cdn-cgi/ Str2: /dev/misc/watchdog Str3: /dev/watchdog Str4: LCOGQGPTGP Str5: CFOKLKQVPCVMP Str6: QWRGPTKQMP Str7: HWCLVGAJ Str8 ... (truncated)",
                "Yara Rule MATCH: MAL_ELF_LNX_Mirai_Oct10_2 SUBSCORE: 70 DESCRIPTION: Detects ELF malware Mirai related REF: Internal Research AUTHOR: Florian Roth MATCHES: Str1: POST /cdn-cgi/ HTTP/1.1\r\nUser-Agent: \r\nHost:",
                "Yara Rule MATCH: SUSP_XORed_Mozilla SUBSCORE: 65 DESCRIPTION: Detects suspicious single byte XORed keyword 'Mozilla/5.0' - it uses yara's XOR modifier and therefore cannot print the XOR key. You can use the CyberChef recipe linked in the reference field to brute force the used key. REF: https://gchq.github.io/CyberChef/#recipe=XOR_Brute_Force() AUTHOR: Florian Roth MATCHES: Str1: oMXKNNC\r\f"
            ]
        },
        "P5_pcap_2.pcap_object8": {
            "secured_file_name": "P5_pcap_2.pcap_object8",
            "verdict": "DANGEROUS",
            "total_score": 205,
            "file_type": "ELF",
            "file_size": 73.44,
            "md5": "d2273df4dcff8cca812104cf17a23bca",
            "sha1": "8924926be722b5c50a16ed3c8a121dd81d229539",
            "sha256": "0a6c6d1b3e8db37a621aad7fba82501c79cd473b146144af7e54a4bfcccc0ff6",
            "reasons": [
                "Yara Rule MATCH: Mirai_Botnet_Malware SUBSCORE: 70 DESCRIPTION: Detects Mirai Botnet Malware REF: Internal Research AUTHOR: Florian Roth MATCHES: Str1: POST /cdn-cgi/ Str2: /dev/misc/watchdog Str3: /dev/watchdog Str4: LCOGQGPTGP Str5: CFOKLKQVPCVMP Str6: QWRGPTKQMP Str7: HWCLVGAJ Str8 ... (truncated)",
                "Yara Rule MATCH: MAL_ELF_LNX_Mirai_Oct10_2 SUBSCORE: 70 DESCRIPTION: Detects ELF malware Mirai related REF: Internal Research AUTHOR: Florian Roth MATCHES: Str1: POST /cdn-cgi/ HTTP/1.1\r\nUser-Agent: \r\nHost:",
                "Yara Rule MATCH: SUSP_XORed_Mozilla SUBSCORE: 65 DESCRIPTION: Detects suspicious single byte XORed keyword 'Mozilla/5.0' - it uses yara's XOR modifier and therefore cannot print the XOR key. You can use the CyberChef recipe linked in the reference field to brute force the used key. REF: https://gchq.github.io/CyberChef/#recipe=XOR_Brute_Force() AUTHOR: Florian Roth MATCHES: Str1: oMXKNNC\r\f"
            ]
        },
        "P5_pcap_2.pcap_object9": {
            "secured_file_name": "P5_pcap_2.pcap_object9",
            "verdict": "DANGEROUS",
            "total_score": 205,
            "file_type": "ELF",
            "file_size": 73.44,
            "md5": "d2273df4dcff8cca812104cf17a23bca",
            "sha1": "8924926be722b5c50a16ed3c8a121dd81d229539",
            "sha256": "0a6c6d1b3e8db37a621aad7fba82501c79cd473b146144af7e54a4bfcccc0ff6",
            "reasons": [
                "Yara Rule MATCH: Mirai_Botnet_Malware SUBSCORE: 70 DESCRIPTION: Detects Mirai Botnet Malware REF: Internal Research AUTHOR: Florian Roth MATCHES: Str1: POST /cdn-cgi/ Str2: /dev/misc/watchdog Str3: /dev/watchdog Str4: LCOGQGPTGP Str5: CFOKLKQVPCVMP Str6: QWRGPTKQMP Str7: HWCLVGAJ Str8 ... (truncated)",
                "Yara Rule MATCH: MAL_ELF_LNX_Mirai_Oct10_2 SUBSCORE: 70 DESCRIPTION: Detects ELF malware Mirai related REF: Internal Research AUTHOR: Florian Roth MATCHES: Str1: POST /cdn-cgi/ HTTP/1.1\r\nUser-Agent: \r\nHost:",
                "Yara Rule MATCH: SUSP_XORed_Mozilla SUBSCORE: 65 DESCRIPTION: Detects suspicious single byte XORed keyword 'Mozilla/5.0' - it uses yara's XOR modifier and therefore cannot print the XOR key. You can use the CyberChef recipe linked in the reference field to brute force the used key. REF: https://gchq.github.io/CyberChef/#recipe=XOR_Brute_Force() AUTHOR: Florian Roth MATCHES: Str1: oMXKNNC\r\f"
            ]
        }
    }
}