{
    "statistics": {
        "start_time": "06 January 2023 11:58:52",
        "end_time": "06 January 2023 11:58:55",
        "file_count": 2,
        "file_dangerous": 2,
        "file_warning": 0,
        "file_notice": 0,
        "file_safe": 11,
        "malicious_files": [
            "2021-08-17-formbook.pcap_object2",
            "2021-09-14-lokibot.pcap_object5"
        ]
    },
    "files": {
        "2021-08-17-formbook.pcap_object2": {
            "secured_file_name": "2021-08-17-formbook.pcap_object2",
            "verdict": "DANGEROUS",
            "prediction": 99.39,
            "total_score": 0,
            "file_type": "EXE",
            "file_size": 633.5,
            "file_imports": {
                "kernel32.dll": [
                    "freeconsole",
                    "virtualprotect",
                    "createfilew",
                    "readconsolew",
                    "writeconsolew",
                    "widechartomultibyte",
                    "interlockedincrement",
                    "interlockeddecrement",
                    "encodepointer",
                    "decodepointer",
                    "entercriticalsection",
                    "leavecriticalsection",
                    "initializecriticalsectionex",
                    "deletecriticalsection",
                    "sleep",
                    "getlocaleinfoex",
                    "multibytetowidechar",
                    "getstringtypew",
                    "getlasterror",
                    "heapfree",
                    "getcommandlinea",
                    "getcpinfo",
                    "raiseexception",
                    "rtlunwind",
                    "heapalloc",
                    "initializecriticalsectionandspincount",
                    "isprocessorfeaturepresent",
                    "isdebuggerpresent",
                    "getprocessheap",
                    "setlasterror",
                    "getcurrentthreadid",
                    "exitprocess",
                    "getmodulehandleexw",
                    "getprocaddress",
                    "heapsize",
                    "getstdhandle",
                    "writefile",
                    "getmodulefilenamew",
                    "getfiletype",
                    "initonceexecuteonce",
                    "getstartupinfow",
                    "getmodulefilenamea",
                    "queryperformancecounter",
                    "getsystemtimeasfiletime",
                    "gettickcount64",
                    "getenvironmentstringsw",
                    "freeenvironmentstringsw",
                    "isvalidcodepage",
                    "getacp",
                    "getoemcp",
                    "closehandle",
                    "flushfilebuffers",
                    "getconsolecp",
                    "getconsolemode",
                    "readfile",
                    "setfilepointerex",
                    "unhandledexceptionfilter",
                    "setunhandledexceptionfilter",
                    "flsalloc",
                    "flsgetvalue",
                    "flssetvalue",
                    "flsfree",
                    "getcurrentprocess",
                    "terminateprocess",
                    "getmodulehandlew",
                    "getuserdefaultlocalename",
                    "lcmapstringex",
                    "isvalidlocalename",
                    "enumsystemlocalesex",
                    "heaprealloc",
                    "loadlibraryexw",
                    "outputdebugstringw",
                    "loadlibraryw",
                    "setstdhandle"
                ],
                "user32.dll": [
                    "getsystemmetrics",
                    "postquitmessage"
                ]
            },
            "md5": "5fcbfeae2b818e9eab95723a87460401",
            "sha1": "dc1a7b697d898f801cd24199fc4691717c39e8f0",
            "sha256": "22a3ccdeb9ae4b196461cdb81c895ae891e2149af03e44b6ce86c2a1bf062947",
            "reasons": [],
            "capabilities": {
                "win_files_operation": "Affect private profile"
            }
        },
        "2021-09-14-lokibot.pcap_object5": {
            "secured_file_name": "2021-09-14-lokibot.pcap_object5",
            "verdict": "DANGEROUS",
            "prediction": 93.17,
            "total_score": 0,
            "file_type": "EXE",
            "file_size": 586.5,
            "file_imports": {
                "mscoree.dll": [
                    "_corexemain"
                ]
            },
            "md5": "da4f1a581f73ae0984cc58b61e12bd4c",
            "sha1": "4fff997f6479d3535b093abe1a5e297a3548d959",
            "sha256": "f485d1a65ccf9f857baa49725d337c15e8aa34515b85c8ef59a72afad7b85249",
            "reasons": []
        },
        "2021-08-17-formbook.pcap": {
            "secured_file_name": "2021-08-17-formbook.pcap",
            "verdict": "SAFE",
            "total_score": 0,
            "file_type": "WINPCAP",
            "file_size": 1620.48,
            "md5": "05b6a4fdcf3d44b8048542c57b3c84d3",
            "sha1": "befd7b9f0ed47f5a350262d281de9a9cc7422af7",
            "sha256": "36d1c8ac99beecb5c3a7a04e6cfed6e08d70f07b67b80609caa72f52ef58c32b",
            "reasons": [],
            "contains": [
                "2021-08-17-formbook.pcap_object1",
                "2021-08-17-formbook.pcap_object2",
                "2021-08-17-formbook.pcap_object3"
            ]
        },
        "2021-08-17-formbook.pcap_object1": {
            "secured_file_name": "2021-08-17-formbook.pcap_object1",
            "verdict": "SAFE",
            "total_score": 0,
            "file_type": "UNKNOWN",
            "file_size": 0.75,
            "md5": "9eb51ed47b196cd78a8f4abcc56cc9ff",
            "sha1": "30c46d9eead640f30b1797faf2f986e37d22ea0d",
            "sha256": "de316ffc8df39d9bba64fc569a7b29adfe8a60556a90c78756b66547c4ebffaa",
            "reasons": []
        },
        "2021-08-17-formbook.pcap_object3": {
            "secured_file_name": "2021-08-17-formbook.pcap_object3",
            "verdict": "SAFE",
            "total_score": 0,
            "file_type": "UNKNOWN",
            "file_size": 1.71,
            "md5": "62455357dd57cb80c32ab295743cccc0",
            "sha1": "83da05a9886f7658be73acf0a4930c0f99b92f01",
            "sha256": "83688f2aef71386e0936c4b3013b07e8e0c796d8427716dd48b2a63d79509129",
            "reasons": []
        },
        "2021-09-14-lokibot.pcap": {
            "secured_file_name": "2021-09-14-lokibot.pcap",
            "verdict": "SAFE",
            "total_score": 0,
            "file_type": "WINPCAP",
            "file_size": 2392.93,
            "md5": "c3b4382d01415fdc7957ceb842ad914f",
            "sha1": "c2fa875fe4618d9931fe8b05e1c10ec8e3b5a6b6",
            "sha256": "6d0c4c0b58274b25d0711f7ce29ddc8d7c0c6e594d73bddc2a1e2a90923d1c87",
            "reasons": [],
            "contains": [
                "2021-09-14-lokibot.pcap_object1",
                "2021-09-14-lokibot.pcap_object2",
                "2021-09-14-lokibot.pcap_object3",
                "2021-09-14-lokibot.pcap_object4",
                "2021-09-14-lokibot.pcap_object5",
                "2021-09-14-lokibot.pcap_object6",
                "2021-09-14-lokibot.pcap_object7",
                "2021-09-14-lokibot.pcap_object8"
            ]
        },
        "2021-09-14-lokibot.pcap_object1": {
            "secured_file_name": "2021-09-14-lokibot.pcap_object1",
            "verdict": "SAFE",
            "total_score": 0,
            "file_type": "UNKNOWN",
            "file_size": 0.21,
            "md5": "4bce9846e05d3bffdfb293d47c840a8e",
            "sha1": "92cdbbab1c2c8f435301ece3d44a197315e2d988",
            "sha256": "0e9ced1019385b1101fdaa7c07d01d63aae771176a44d3df81d47b115b5128aa",
            "reasons": []
        },
        "2021-09-14-lokibot.pcap_object2": {
            "secured_file_name": "2021-09-14-lokibot.pcap_object2",
            "verdict": "SAFE",
            "total_score": 0,
            "file_type": "UNKNOWN",
            "file_size": 1.71,
            "md5": "62455357dd57cb80c32ab295743cccc0",
            "sha1": "83da05a9886f7658be73acf0a4930c0f99b92f01",
            "sha256": "83688f2aef71386e0936c4b3013b07e8e0c796d8427716dd48b2a63d79509129",
            "reasons": []
        },
        "2021-09-14-lokibot.pcap_object3": {
            "secured_file_name": "2021-09-14-lokibot.pcap_object3",
            "verdict": "SAFE",
            "total_score": 0,
            "file_type": "UNKNOWN",
            "file_size": 21.61,
            "md5": "75f9b2c12cd00df4035a311da99cfefc",
            "sha1": "4a8fe28218667d3beafd71d712389658991c5836",
            "sha256": "a075609e7c2b30df9190d8ab034d5f492f77ea553966ee0561a3c66f8b6ac723",
            "reasons": []
        },
        "2021-09-14-lokibot.pcap_object4": {
            "secured_file_name": "2021-09-14-lokibot.pcap_object4",
            "verdict": "SAFE",
            "total_score": 0,
            "file_type": "UNKNOWN",
            "file_size": 2.45,
            "md5": "56f7c04657931f2d0b79371b2d6e9820",
            "sha1": "18f9bd42f53a68beda79f9350a638503eee64883",
            "sha256": "0ce37ed9046fdaaee0efbc4d6705459427204d7353e961e6c20fbb0d5e081a46",
            "reasons": []
        },
        "2021-09-14-lokibot.pcap_object6": {
            "secured_file_name": "2021-09-14-lokibot.pcap_object6",
            "verdict": "SAFE",
            "total_score": 0,
            "file_type": "UNKNOWN",
            "file_size": 0.36,
            "md5": "0ecb6878f56ca390a32b10b3f4ab3b7d",
            "sha1": "e548a31bc584c2ccb8a7ad9b2c3edf671652769c",
            "sha256": "4af0b821f3653532b88b9595f2366f67f2bc7c789a43ff6f5f5528f42f8f6fdd",
            "reasons": []
        },
        "2021-09-14-lokibot.pcap_object7": {
            "secured_file_name": "2021-09-14-lokibot.pcap_object7",
            "verdict": "SAFE",
            "total_score": 0,
            "file_type": "UNKNOWN",
            "file_size": 0.19,
            "md5": "25fbf488390b30c8148ccc428fc546b6",
            "sha1": "cbd526673aa7fad49eef6f76ff012ccaa9468326",
            "sha256": "10120bf3ce78088d00a0e98e8bf8e6199cfeaaa584a783ce1e118914323d55d8",
            "reasons": []
        },
        "2021-09-14-lokibot.pcap_object8": {
            "secured_file_name": "2021-09-14-lokibot.pcap_object8",
            "verdict": "SAFE",
            "total_score": 0,
            "file_type": "UNKNOWN",
            "file_size": 0.16,
            "md5": "5131e47b6b02841de2f1da8506cdb926",
            "sha1": "cc3730f714d632d21717d28a250d52c470cf842d",
            "sha256": "61af329cf33f774e3cddd85b58c7202e0a67c3f65520c8a6e26a30f56c189a04",
            "reasons": []
        }
    }
}